{"STAGE":[{"MODEL":"TABLE01","POS":[-69.74874877929688,0.0,435.7535400390625],"ROT":[0.0,1.1920928955078125e-07,0.0]},{"MODEL":"TABLE02","POS":[19.393386840820313,0.0,395.7535400390625],"ROT":[0.0,1.1920928955078125e-07,0.0]}]}
